user_input,retrieved_contexts,response,reference,faithfulness,context_precision,context_recall
question about cancelling order {{Order Number}},"[""Question: i have a question about cancelling oorder {{Order Number}}\nAnswer: I've been informed that you have a question about canceling order {{Order Number}}. I'm here to assist you! Please go ahead and let me know what specific question you have, and I'll provide you with all the information and guidance you need. Your satisfaction is my top priority."", ""Question: question about cancelling order {{Order Number}}\nAnswer: I've understood you have a question regarding canceling order {{Order Number}}, and I'm here to provide you with the information you need. Please go ahead and ask your question, and I'll do my best to assist you."", ""Question: have a question about cancelling order {{Order Number}}\nAnswer: I've realized that you have a question regarding canceling your order associated with the order number {{Order Number}}. I'm here to assist you. Please go ahead and let me know what specific information or clarification you need about canceling this order. Feel free to ask anything, and I'll do my best to provide you with a prompt and accurate response to help address your query."", ""Question: problem with cancelling order {{Order Number}}\nAnswer: I realized, you're experiencing difficulties while trying to cancel order {{Order Number}}, and I'm here to assist you in resolving this issue. Rest assured, I'll do my best to guide you through the process and ensure a seamless cancellation. Let's get started:"", ""Question: have a problem with canceling order {{Order Number}}\nAnswer: I'm cognizant of the fact that you're facing difficulties canceling your order with the order number {{Order Number}}. I apologize for any inconvenience this may be causing you. Rest assured, I'm here to assist you. To resolve this issue, please follow these steps:""]","I've understood you have a question regarding canceling order {{Order Number}}, and I'm here to provide you with the information you need. Please go ahead and ask your specific question, and I'll do my best to assist you.","I've understood you have a question regarding canceling order {{Order Number}}, and I'm here to provide you with the information you need. Please go ahead and ask your question, and I'll do my best to assist you.",1.0,0.5833333333041666,1.0
i have a question about cancelling oorder {{Order Number}},"[""Question: i have a question about cancelling oorder {{Order Number}}\nAnswer: I've been informed that you have a question about canceling order {{Order Number}}. I'm here to assist you! Please go ahead and let me know what specific question you have, and I'll provide you with all the information and guidance you need. Your satisfaction is my top priority."", ""Question: question about cancelling order {{Order Number}}\nAnswer: I've understood you have a question regarding canceling order {{Order Number}}, and I'm here to provide you with the information you need. Please go ahead and ask your question, and I'll do my best to assist you."", ""Question: problem with cancelling order {{Order Number}}\nAnswer: I realized, you're experiencing difficulties while trying to cancel order {{Order Number}}, and I'm here to assist you in resolving this issue. Rest assured, I'll do my best to guide you through the process and ensure a seamless cancellation. Let's get started:"", ""Question: have a problem with canceling order {{Order Number}}\nAnswer: I'm cognizant of the fact that you're facing difficulties canceling your order with the order number {{Order Number}}. I apologize for any inconvenience this may be causing you. Rest assured, I'm here to assist you. To resolve this issue, please follow these steps:"", ""Question: have a question about cancelling order {{Order Number}}\nAnswer: I've realized that you have a question regarding canceling your order associated with the order number {{Order Number}}. I'm here to assist you. Please go ahead and let me know what specific information or clarification you need about canceling this order. Feel free to ask anything, and I'll do my best to provide you with a prompt and accurate response to help address your query.""]","I've understood you have a question regarding canceling order {{Order Number}}, and I'm here to provide you with the information you need. Please go ahead and ask your question, and I'll do my best to assist you.","I've been informed that you have a question about canceling order {{Order Number}}. I'm here to assist you! Please go ahead and let me know what specific question you have, and I'll provide you with all the information and guidance you need. Your satisfaction is my top priority.",1.0,0.8666666666377778,1.0
i need help cancelling puchase {{Order Number}},"[""Question: i need help cancelling puchase {{Order Number}}\nAnswer: I can sense that you're seeking assistance with canceling your purchase with the purchase number {{Order Number}}. I apologize for any inconvenience caused, and I'm here to guide you through the process.\n\nTo cancel your purchase, please follow these steps:"", ""Question: assistance with cancelling pucrhase {{Order Number}}\nAnswer: I hear you loud and clear that you need assistance with canceling your purchase with the purchase number {{Order Number}}. No worries, I'm here to help guide you through the process! To cancel your purchase, please follow these steps:"", 'Question: assistance with cancelling pucrhase {{Order Number}}\nAnswer: I hear you loud and clear your need for assistance with canceling your purchase. I apologize for any inconvenience this may cause you. To cancel purchase {{Order Number}}, please follow these steps:', ""Question: help me cancelling purchase {{Order Number}}\nAnswer: I gather that you're seeking assistance in canceling purchase {{Order Number}}, and I'm here to guide you through the process. Rest assured, we'll make sure to resolve this for you. Please follow these steps:"", ""Question: i want help cancelling purchase {{Order Number}}\nAnswer: I've realized you're seeking assistance with canceling purchase {{Order Number}}. I apologize for any inconvenience this may have caused. To help you with this, please follow these steps:""]","I can sense that you're seeking assistance with canceling your purchase with the purchase number {{Order Number}}. I apologize for any inconvenience caused, and I'm here to guide you through the process.

To cancel your purchase, please follow these steps:

1. Log in to your account.
2. Go to the order history section.
3. Locate the order with the number {{Order Number}}.
4. Click on ""Cancel"" or ""Request Cancellation.""
5. Follow any additional prompts or instructions.

If you need further assistance, feel free to ask!","I can sense that you're seeking assistance with canceling your purchase with the purchase number {{Order Number}}. I apologize for any inconvenience caused, and I'm here to guide you through the process.

To cancel your purchase, please follow these steps:

1. Log into your account: Visit our {{Online Company Portal Info}} and sign in using your credentials.
2. Locate your order: Once logged in, navigate to the '{{Online Order Interaction}}' or '{{Online Order Interaction}}' section to find the purchase with the order number {{Order Number}}.
3. Initiate the cancellation: Upon finding your purchase, look for the option labeled '{{Online Order Interaction}}' and click on it to initiate the cancellation process.
4. Confirm the cancellation: Our system might ask for confirmation or feedback regarding the cancellation. Kindly provide the necessary information to complete the process.
5. Seek additional support: If you encounter any difficulties or require further assistance, our dedicated customer support team is available during {{Customer Support Hours}}. You can contact us at {{Customer Support Phone Number}} or use the Live Chat feature on our {{Website URL}}.

We appreciate your understanding and value your satisfaction. Should you have any more questions or concerns, feel free to reach out to us. We're here to help you.",0.4444444444444444,0.99999999998,0.875
I need to cancel purchase {{Order Number}},"[""Question: I have got to cancel purchase {{Order Number}}\nAnswer: I'm sensitive to the fact that you're seeking assistance with canceling your purchase of item {{Order Number}}. Rest assured, I'm here to guide you through the process. Here's what you need to do:"", ""Question: I would like to cancel purchase {{Order Number}}\nAnswer: I've been informed that you're looking to cancel the purchase with order number {{Order Number}}. We apologize for any inconvenience this may have caused. To assist you with the cancellation, please follow these steps:"", ""Question: I am trying to cancel purchase {{Order Number}}\nAnswer: I've understood that you're seeking assistance in canceling purchase {{Order Number}}. Our goal is to make this process as seamless as possible for you. Here's what you need to do:"", ""Question: I want to cancle purchase {{Order Number}}\nAnswer: I've been there that you want to cancel your purchase with the purchase number {{Order Number}}. We value your decision and would be happy to assist you with the cancellation process. To proceed with the cancellation, please follow these steps:"", ""Question: I bought some item, cancel order {{Order Number}}\nAnswer: I've ascertained that you're seeking assistance in canceling your purchase with the order number {{Order Number}}. We apologize for any inconvenience caused and assure you that we're here to guide you through the cancellation process. Here's what you need to do:""]","I've understood that you're seeking assistance in canceling your purchase with the order number {{Order Number}}. We value your decision and would be happy to assist you with the cancellation process. To proceed with the cancellation, please follow these steps:

1. Log in to your account on our website.
2. Go to the ""My Orders"" section.
3. Locate the order with number {{Order Number}}.
4. Click on the ""Cancel Order"" option.
5. Follow any additional prompts to complete the cancellation.

If you need further assistance, feel free to ask!","I understood that you need assistance with canceling your purchase with the order number {{Order Number}}. We apologize for any inconvenience this may have caused. To initiate the cancellation process, please follow these steps:

1. Sign in to your account: Visit our {{Online Company Portal Info}} and login using your credentials.
2. Access your order history: Once logged in, navigate to the ""{{Online Order Interaction}}"" or ""{{Online Order Interaction}}"" section.
3. Locate the purchase: Look for the order with the specific order number {{Order Number}}.
4. Cancel the purchase: Click on the ""{{Online Order Interaction}}"" option associated with the purchase.
5. Confirm the cancellation: Follow any further prompts or questions from the system to finalize the cancellation.

If you encounter any difficulties or have further questions, our dedicated team is available to assist you. You can reach us during {{Customer Support Hours}} at {{Customer Support Phone Number}} or through the Live Chat feature on our website {{Website URL}}. We appreciate your understanding and value your satisfaction.",0.375,0.9166666666361111,0.18181818181818182
"I cannot afford this order, cancel purchase {{Order Number}}","[""Question: I cannot afford this order, cancel purchase {{Order Number}}\nAnswer: I'm sensitive to the fact that you're facing financial difficulties and need to cancel your purchase with the order number {{Order Number}}. We're here to assist you with that, and I appreciate your transparency in sharing your situation with us. Let's proceed with the cancellation process:"", ""Question: I can no longer afford order {{Order Number}}, cancel it\nAnswer: I pick up what you're putting down that you're in a situation where you can no longer afford to proceed with order {{Order Number}}. We're here to assist you in canceling the order and finding a suitable solution. Kindly follow the steps below:"", ""Question: I can't afford purchase {{Order Number}}\nAnswer: I recognize that you're facing financial difficulties and are unable to afford purchase {{Order Number}}. I apologize for any inconvenience caused. Canceling the purchase might be an appropriate choice in this situation. Let me guide you through the process:"", ""Question: I can't afford order {{Order Number}}, help me cancelling it\nAnswer: I acknowledge that you're currently facing financial difficulties and need assistance with canceling your order with the order number {{Order Number}}. We value your satisfaction and want to help you find a solution. Let's work together to resolve this issue promptly.\n\nTo cancel your order, please follow these steps:"", ""Question: I can no longer afford purchase {{Order Number}}\nAnswer: I realized you're facing financial difficulties and can no longer afford to proceed with your purchase. I apologize for the inconvenience this may have caused. We're here to assist you. You have a few options:""]","I understand that you can't afford your order. Let's cancel it together. Please follow these steps:

1. Log in to your account.
2. Go to the ""My Orders"" section.
3. Find the order with the number {{Order Number}}.
4. Click on ""Cancel Order.""

If you need further assistance, feel free to ask!","I'm sensitive to the fact that you're facing financial difficulties and need to cancel your purchase with the order number {{Order Number}}. We're here to assist you with that, and I appreciate your transparency in sharing your situation with us. Let's proceed with the cancellation process:

1. Access Your Account: Log in to our {{Online Company Portal Info}}.
2. Locate Your Order History: Once you're logged in, navigate to the '{{Online Order Interaction}}' or '{{Online Order Interaction}}' section.
3. Find the Relevant Purchase: Look for the purchase associated with the order number {{Order Number}} and click on it.
4. Initiate the Cancellation: Within the purchase details page, you should see an option labeled '{{Online Order Interaction}}'. Please select this option.
5. Confirm Cancellation: The system may prompt you for confirmation or ask a few questions for feedback. Please complete these steps.

If you encounter any difficulties or have further questions along the way, our team is ready to assist you. Reach out to us during {{Customer Support Hours}} at {{Customer Support Phone Number}} or via Live Chat on our {{Website URL}}. We value your satisfaction and understand that situations can change.",0.2857142857142857,0.999999999975,1.0
